Elapsed Seconds,Layer Architecture,Beta,Learning Rate,Momentum,Error Epsilon,Optimizer,Iterations,Training Accuracy,Testing Accuracy,Mean Squared Error
0.2574491500854492,"[35, 150, 10]",1.25,0.001,0.8,0.005,adam_and_hidden_layer,68,"[0.1, 0.1, 0.1, 0.1, 0.2, 0.3, 0.3, 0.4, 0.4, 0.4, 0.5, 0.6, 0.6, 0.6, 0.6, 0.6, 0.6, 0.8, 0.8, 0.8, 0.8, 0.8, 0.8, 0.8, 0.8, 0.8, 0.8, 0.8, 0.8, 0.8, 0.8, 0.8, 0.8, 0.8, 0.8, 0.8, 0.8, 0.8, 0.8, 0.8, 0.8, 0.8, 0.8, 0.8, 0.8, 0.9, 0.9, 0.9, 0.9, 0.9, 0.9, 0.9, 0.9, 0.9, 0.9, 0.9, 0.9, 0.9, 0.9, 0.9, 0.9, 1.0, 1.0, 1.0, 1.0, 1.0, 1.0, 1.0]","[0.125, 0.1, 0.1, 0.1, 0.175, 0.1, 0.125, 0.22499999999999998, 0.25, 0.275, 0.175, 0.30000000000000004, 0.275, 0.25, 0.25, 0.275, 0.35000000000000003, 0.24999999999999997, 0.3, 0.32499999999999996, 0.35000000000000003, 0.4, 0.425, 0.39999999999999997, 0.475, 0.32499999999999996, 0.4, 0.375, 0.375, 0.4, 0.425, 0.42499999999999993, 0.525, 0.35, 0.375, 0.42500000000000004, 0.4, 0.525, 0.44999999999999996, 0.475, 0.32500000000000007, 0.44999999999999996, 0.475, 0.475, 0.4, 0.575, 0.425, 0.3, 0.45, 0.42499999999999993, 0.525, 0.475, 0.375, 0.575, 0.5, 0.55, 0.42500000000000004, 0.425, 0.5, 0.5, 0.39999999999999997, 0.575, 0.525, 0.4, 0.525, 0.42500000000000004, 0.575, 0.475]","[0.23613350582763895, 0.19970707703313229, 0.16555023515043807, 0.13370827532064766, 0.09474589409994737, 0.08296197019646198, 0.07940618934928208, 0.07656478554527037, 0.07365142400131658, 0.07011572539957993, 0.0672909431507957, 0.06329364074868159, 0.05941407409376976, 0.05605948809339449, 0.053447225868384275, 0.05094019201809131, 0.04871954949828443, 0.0460565377163523, 0.04415716182270442, 0.04146834907589659, 0.038892618168498407, 0.03659918994727451, 0.034665868127523806, 0.033219697987024406, 0.032074835197773495, 0.03094713850008828, 0.030198478474791256, 0.029290759043137063, 0.028606750797745793, 0.02801331304977435, 0.027460553788851837, 0.027091955397155205, 0.026518029174972143, 0.026113622774372756, 0.0257185291244402, 0.02533498774600004, 0.025017075484326662, 0.024627730501071757, 0.02425846906984265, 0.023886511395677764, 0.023714994798019702, 0.023357399604875866, 0.022936594092015775, 0.022653929727307426, 0.022006532143822935, 0.02153067824057031, 0.020923447773410833, 0.02076112618914632, 0.01977591608263452, 0.019550331271304067, 0.018672096846802665, 0.018422848545277305, 0.0175932941673309, 0.01709505893890133, 0.016572804899820784, 0.016317822946336172, 0.01579027248258527, 0.015183640253021697, 0.014558614562430064, 0.014224837558374368, 0.012794660973266838, 0.011045750974397299, 0.008954116896322091, 0.0076457911960894085, 0.006425523918765306, 0.005683052596960991, 0.0052056921698457916, 0.004950675952751308]"
0.19977617263793945,"[35, 150, 10]",1.25,0.001,0.8,0.005,adam_and_hidden_layer,55,"[0.0, 0.1, 0.1, 0.1, 0.1, 0.4, 0.6, 0.6, 0.7, 0.7, 0.8, 0.8, 0.8, 0.8, 0.8, 0.8, 0.8, 0.8, 0.8, 0.8, 0.8, 0.8, 0.8, 0.8, 0.8, 0.8, 0.8, 0.8, 0.8, 0.8, 0.9, 1.0, 1.0, 1.0, 1.0, 1.0, 1.0, 1.0, 1.0, 1.0, 1.0, 1.0, 1.0, 1.0, 1.0, 1.0, 1.0, 1.0, 1.0, 1.0, 1.0, 1.0, 1.0, 1.0, 1.0]","[0.07500000000000001, 0.1, 0.1, 0.1, 0.07500000000000001, 0.1, 0.07500000000000001, 0.3, 0.3, 0.225, 0.3, 0.27499999999999997, 0.25, 0.275, 0.325, 0.325, 0.225, 0.275, 0.325, 0.45, 0.275, 0.30000000000000004, 0.35, 0.375, 0.45, 0.4, 0.35, 0.3, 0.4, 0.325, 0.475, 0.475, 0.375, 0.475, 0.425, 0.42500000000000004, 0.45000000000000007, 0.42500000000000004, 0.55, 0.5, 0.30000000000000004, 0.5249999999999999, 0.55, 0.425, 0.575, 0.475, 0.325, 0.45000000000000007, 0.47500000000000003, 0.525, 0.45, 0.35, 0.425, 0.575, 0.5750000000000001]","[0.2975226989719752, 0.21345493017853834, 0.1622609590404714, 0.1345928631038588, 0.10028255960150012, 0.08261869167667552, 0.07299305441304851, 0.06582212017462113, 0.06006820865752424, 0.056173216673600604, 0.05300090199854763, 0.05022908478043529, 0.047658262170704166, 0.045351941235085146, 0.043338910681979384, 0.04140103369916213, 0.03980532954151905, 0.038369272447575084, 0.036976913695300984, 0.03558771402202246, 0.03450064513096617, 0.03334135968699932, 0.03217696689677768, 0.031209440685325385, 0.0302174435883714, 0.02912563123113873, 0.028008326134656078, 0.02699287518837287, 0.025608091936065627, 0.024591988309606485, 0.022832428894206842, 0.0205776053034773, 0.018453834568619966, 0.016861911071308102, 0.014783141844109277, 0.01346793185790624, 0.012316462161499923, 0.011396175516208919, 0.010559734709557794, 0.009831848058807366, 0.00921292776678733, 0.008704909116467702, 0.008230554394565302, 0.007867677137047032, 0.0074415842773132845, 0.007104189055083576, 0.0067793558917309425, 0.006499808298785223, 0.0062263292772730475, 0.005976872405750376, 0.0057337412849837, 0.005510810066649056, 0.005309423959514835, 0.005123932792144538, 0.004987024340264511]"
0.21563005447387695,"[35, 150, 10]",1.25,0.001,0.8,0.005,adam_and_hidden_layer,59,"[0.1, 0.1, 0.1, 0.1, 0.1, 0.3, 0.4, 0.5, 0.4, 0.5, 0.6, 0.6, 0.6, 0.7, 0.7, 0.7, 0.7, 0.8, 0.9, 0.9, 1.0, 0.9, 1.0, 1.0, 1.0, 1.0, 1.0, 1.0, 1.0, 1.0, 1.0, 1.0, 1.0, 1.0, 1.0, 1.0, 1.0, 1.0, 1.0, 1.0, 1.0, 1.0, 1.0, 1.0, 1.0, 1.0, 1.0, 1.0, 1.0, 1.0, 1.0, 1.0, 1.0, 1.0, 1.0, 1.0, 1.0, 1.0, 1.0]","[0.1, 0.1, 0.1, 0.1, 0.07500000000000001, 0.05, 0.15, 0.15000000000000002, 0.125, 0.1, 0.25, 0.325, 0.325, 0.22499999999999998, 0.175, 0.275, 0.35, 0.35000000000000003, 0.25, 0.475, 0.45000000000000007, 0.4, 0.275, 0.39999999999999997, 0.44999999999999996, 0.525, 0.44999999999999996, 0.45, 0.4, 0.375, 0.42500000000000004, 0.275, 0.42500000000000004, 0.42500000000000004, 0.475, 0.44999999999999996, 0.475, 0.5, 0.45, 0.5249999999999999, 0.5, 0.525, 0.42500000000000004, 0.47500000000000003, 0.525, 0.375, 0.45, 0.5, 0.475, 0.4, 0.575, 0.5, 0.575, 0.475, 0.525, 0.525, 0.5499999999999999, 0.44999999999999996, 0.625]","[0.3850886022465033, 0.315782260075933, 0.2502143011240013, 0.19039153758606775, 0.15125303681501362, 0.1038064628172099, 0.0840137931230122, 0.07745053644621473, 0.07309564570418597, 0.06946551461404996, 0.06641649997094977, 0.06298478405975166, 0.0596503786022935, 0.056171688200808596, 0.052854507149319746, 0.04968333854720255, 0.0464856247235936, 0.04336621368775855, 0.04027947049360201, 0.0375033790544214, 0.03451757790351314, 0.03230575069823103, 0.03002464753909818, 0.027719920535713295, 0.025723320970268235, 0.023881267001543423, 0.022021496672895376, 0.020705729633644383, 0.01926653140244455, 0.01806479374866383, 0.016833476146725094, 0.015934159111087347, 0.014911260742771834, 0.01403473727373138, 0.013304992620844037, 0.012574052404271573, 0.011927643490285654, 0.011357692530236467, 0.010770922152969724, 0.010294695807089953, 0.009823538133943602, 0.009348160750135517, 0.008926326890869299, 0.008560549407871692, 0.008181477936299345, 0.007842162920437877, 0.007546587368291715, 0.007270196150447456, 0.006991152757231167, 0.006739222712523693, 0.0064912686446289706, 0.006244865089300028, 0.006013908710337175, 0.005845824639176136, 0.005617083215099853, 0.00542235557569136, 0.0052430270881334215, 0.0050764313343058184, 0.004997798037721648]"
0.22449707984924316,"[35, 150, 10]",1.25,0.001,0.8,0.005,adam_and_hidden_layer,62,"[0.0, 0.0, 0.0, 0.1, 0.3, 0.4, 0.4, 0.4, 0.4, 0.4, 0.4, 0.4, 0.4, 0.6, 0.6, 0.7, 0.8, 0.8, 0.8, 0.7, 0.8, 0.8, 0.9, 0.9, 1.0, 1.0, 1.0, 1.0, 1.0, 1.0, 1.0, 1.0, 1.0, 1.0, 1.0, 1.0, 1.0, 1.0, 1.0, 1.0, 1.0, 1.0, 1.0, 1.0, 1.0, 1.0, 1.0, 1.0, 1.0, 1.0, 1.0, 1.0, 1.0, 1.0, 1.0, 1.0, 1.0, 1.0, 1.0, 1.0, 1.0, 1.0]","[0.07500000000000001, 0.15, 0.07500000000000001, 0.15000000000000002, 0.15, 0.15000000000000002, 0.275, 0.275, 0.175, 0.275, 0.2, 0.27499999999999997, 0.25, 0.25, 0.35000000000000003, 0.325, 0.3, 0.325, 0.25, 0.425, 0.35, 0.425, 0.375, 0.275, 0.375, 0.375, 0.3, 0.30000000000000004, 0.375, 0.3, 0.425, 0.45, 0.5, 0.45000000000000007, 0.475, 0.375, 0.6000000000000001, 0.35000000000000003, 0.44999999999999996, 0.37499999999999994, 0.35, 0.5, 0.525, 0.475, 0.44999999999999996, 0.4, 0.35000000000000003, 0.5, 0.5, 0.475, 0.525, 0.475, 0.5, 0.525, 0.4, 0.6499999999999999, 0.55, 0.625, 0.6000000000000001, 0.525, 0.55, 0.475]","[0.35482955269491684, 0.25532569969199764, 0.16624768358511066, 0.11143669937922698, 0.08464741067679835, 0.07603402640139512, 0.07162156355481994, 0.06885858233280676, 0.0666134101393839, 0.06459398597089522, 0.06245214202348806, 0.060558996400322876, 0.058680054954814445, 0.056595766202958225, 0.054568801321029065, 0.052807589448533324, 0.05078242576407105, 0.048698947724739, 0.04622652766840958, 0.043946538298818956, 0.041864423227514554, 0.03941257354333571, 0.037151495653264754, 0.03505721557258983, 0.03282535151890719, 0.030585783256579326, 0.028400502444224637, 0.026133470601817806, 0.024081276180855978, 0.02201520704761566, 0.020238744745159007, 0.018807562012418247, 0.017510026512253595, 0.01630110491390306, 0.015391831136112668, 0.014473055651767701, 0.013608105206532738, 0.01287287171799773, 0.012224978276750183, 0.011553322416312552, 0.011036374311039902, 0.01044791000529046, 0.009955463120456533, 0.009489943780367186, 0.009093300404604229, 0.008772765068900606, 0.008412343384284496, 0.008042842691644736, 0.007723134410025652, 0.007419812712619545, 0.007171857451096652, 0.00689631450354014, 0.006639107422705196, 0.006421218750738975, 0.006186123239270008, 0.005983868533041663, 0.005796976439976647, 0.005601766848330961, 0.005429311368382159, 0.005253433169247752, 0.0050926069493752646, 0.004992937216293708]"
0.3257761001586914,"[35, 150, 10]",1.25,0.001,0.8,0.005,adam_and_hidden_layer,90,"[0.1, 0.2, 0.2, 0.2, 0.2, 0.2, 0.3, 0.4, 0.4, 0.4, 0.4, 0.4, 0.4, 0.5, 0.5, 0.5, 0.6, 0.6, 0.6, 0.7, 0.7, 0.8, 0.8, 0.8, 0.8, 0.8, 0.8, 0.8, 0.8, 0.8, 0.8, 0.8, 0.8, 0.8, 0.8, 0.8, 0.8, 0.8, 0.8, 0.8, 0.8, 0.8, 0.8, 0.8, 0.8, 0.8, 0.8, 0.8, 0.8, 0.8, 0.8, 0.8, 0.8, 0.8, 0.8, 0.8, 0.8, 0.8, 0.8, 0.8, 0.8, 0.8, 0.8, 0.8, 0.8, 0.8, 0.8, 0.8, 0.8, 0.9, 0.9, 0.9, 0.9, 0.9, 0.9, 0.9, 0.9, 0.9, 0.9, 0.9, 0.9, 0.9, 0.9, 1.0, 1.0, 1.0, 1.0, 1.0, 1.0, 1.0]","[0.175, 0.125, 0.175, 0.15000000000000002, 0.125, 0.125, 0.19999999999999998, 0.17500000000000002, 0.22499999999999998, 0.25, 0.225, 0.1, 0.1, 0.25, 0.275, 0.2, 0.3, 0.25, 0.325, 0.25, 0.25, 0.35, 0.3, 0.45, 0.4, 0.375, 0.275, 0.25, 0.35, 0.35000000000000003, 0.325, 0.32499999999999996, 0.4, 0.375, 0.4, 0.35000000000000003, 0.44999999999999996, 0.475, 0.375, 0.5, 0.525, 0.45, 0.375, 0.525, 0.45, 0.35, 0.45, 0.42500000000000004, 0.375, 0.44999999999999996, 0.4, 0.575, 0.44999999999999996, 0.42500000000000004, 0.55, 0.35, 0.6, 0.475, 0.49999999999999994, 0.425, 0.44999999999999996, 0.44999999999999996, 0.525, 0.45000000000000007, 0.475, 0.45, 0.475, 0.525, 0.5750000000000001, 0.39999999999999997, 0.475, 0.5499999999999999, 0.37500000000000006, 0.425, 0.425, 0.4, 0.4, 0.4, 0.35000000000000003, 0.55, 0.4, 0.5249999999999999, 0.375, 0.39999999999999997, 0.45, 0.5, 0.375, 0.525, 0.525, 0.5]","[0.3158020337781373, 0.26625086608710946, 0.23071289414703572, 0.18181748066061523, 0.11503465709487642, 0.09512437899246634, 0.08913511733920776, 0.0850771575154917, 0.08169938882042355, 0.07828480327533696, 0.07519019031722551, 0.07256334732457433, 0.06999658585744062, 0.06732731266013917, 0.06469175986815072, 0.06150992721913478, 0.05829751692620853, 0.055355939922402786, 0.052853951301767746, 0.04999405109671464, 0.04708116988414007, 0.04350504081662557, 0.040119479246270205, 0.0378843922130121, 0.03648354026792051, 0.03512221807839784, 0.03399093745497015, 0.033104093808432496, 0.03220937203285073, 0.03145442368721442, 0.030804159914252668, 0.030104649438655345, 0.02958673301469228, 0.02901452566526304, 0.02853127181350001, 0.02816923521593448, 0.027715006575672566, 0.027299504123055245, 0.02695175612228711, 0.02663135574946061, 0.026326900353863706, 0.02606648902177048, 0.02580578304624816, 0.025572417235744712, 0.025452692793310038, 0.025131176420376253, 0.024957969048549574, 0.02476389537283693, 0.024569654196425327, 0.024401365314484627, 0.024243389038748314, 0.024093190964745, 0.023951821602042105, 0.023811252073739467, 0.023677755448145807, 0.023548622068980177, 0.023457383428579684, 0.023320905386415354, 0.023207810250721855, 0.023087842830188058, 0.022963195667077486, 0.022850478448254483, 0.022756581557418314, 0.02264033829108769, 0.022517534023003143, 0.022397320686375073, 0.02222894526909766, 0.0220955396409217, 0.021927902875350416, 0.021502916314913075, 0.021149138493161863, 0.01997319759804655, 0.018809484422635706, 0.01643422346378485, 0.015029536565837966, 0.013977261701890252, 0.01322780485633487, 0.01287132456797796, 0.012595571272987254, 0.01228098376151022, 0.012056789421484642, 0.011769657966526327, 0.01157496119239682, 0.010753345299915212, 0.009666964946072188, 0.008428581795870152, 0.007408794241244621, 0.005930219654822298, 0.005216712781615341, 0.00489941264096567]"
0.20964717864990234,"[35, 150, 10]",1.25,0.001,0.8,0.005,adam_and_hidden_layer,57,"[0.1, 0.1, 0.1, 0.1, 0.1, 0.1, 0.4, 0.4, 0.5, 0.6, 0.6, 0.6, 0.6, 0.7, 0.8, 1.0, 1.0, 1.0, 1.0, 1.0, 1.0, 1.0, 1.0, 1.0, 1.0, 1.0, 1.0, 1.0, 1.0, 1.0, 1.0, 1.0, 1.0, 1.0, 1.0, 1.0, 1.0, 1.0, 1.0, 1.0, 1.0, 1.0, 1.0, 1.0, 1.0, 1.0, 1.0, 1.0, 1.0, 1.0, 1.0, 1.0, 1.0, 1.0, 1.0, 1.0, 1.0]","[0.15000000000000002, 0.07500000000000001, 0.15000000000000002, 0.1, 0.07500000000000001, 0.1, 0.175, 0.07500000000000001, 0.125, 0.15000000000000002, 0.1, 0.2, 0.2, 0.175, 0.275, 0.25, 0.325, 0.275, 0.45, 0.44999999999999996, 0.22499999999999998, 0.35000000000000003, 0.35000000000000003, 0.42500000000000004, 0.325, 0.275, 0.35, 0.5, 0.375, 0.39999999999999997, 0.42500000000000004, 0.4, 0.45, 0.425, 0.475, 0.375, 0.5, 0.325, 0.525, 0.325, 0.42500000000000004, 0.55, 0.55, 0.45, 0.3, 0.5, 0.4, 0.525, 0.45, 0.325, 0.575, 0.5, 0.475, 0.5, 0.5, 0.45, 0.575]","[0.3638880304974525, 0.29355828906074766, 0.21870638292777755, 0.14792342723067667, 0.10458945818241437, 0.09018252153905852, 0.08576724579698203, 0.08293492427962552, 0.07934739411223753, 0.0757118972993854, 0.07175927991756317, 0.06735214923955837, 0.06332276412135955, 0.05918938348993106, 0.05508804756470703, 0.05045745080424147, 0.04600185740010889, 0.04147759210661648, 0.03777713472059224, 0.034277400270510454, 0.030934083160676376, 0.02815935071388745, 0.02587251906976691, 0.023896425275663127, 0.021961366332343458, 0.020394486910973633, 0.019009777828008816, 0.01777903096218202, 0.01664371095695659, 0.015705460436078195, 0.014685605004822227, 0.013920181416868542, 0.01309486550675669, 0.012428710754786885, 0.011762635731380327, 0.011247293141447325, 0.01070665613102763, 0.010179470501721301, 0.009756315415987827, 0.009318837154457353, 0.008914433532180509, 0.008543570895129448, 0.008201939790649431, 0.007866899047117739, 0.007620788501700068, 0.007287705458821524, 0.007018528875920539, 0.006778140589585361, 0.006506850877516846, 0.006249273854175718, 0.006055550417854072, 0.00583823919189799, 0.005653173750132191, 0.005477379705395815, 0.005287444667220956, 0.005119900401593577, 0.004997689017455935]"
0.27526092529296875,"[35, 150, 10]",1.25,0.001,0.8,0.005,adam_and_hidden_layer,75,"[0.0, 0.1, 0.0, 0.0, 0.1, 0.2, 0.2, 0.3, 0.3, 0.4, 0.5, 0.4, 0.5, 0.5, 0.5, 0.5, 0.6, 0.6, 0.6, 0.6, 0.6, 0.6, 0.6, 0.6, 0.6, 0.6, 0.6, 0.6, 0.6, 0.6, 0.6, 0.6, 0.7, 0.7, 0.7, 0.7, 0.7, 0.7, 0.7, 0.7, 0.7, 0.7, 0.7, 0.7, 0.7, 0.8, 0.8, 0.8, 0.8, 0.8, 0.8, 0.8, 0.8, 0.8, 0.8, 0.9, 0.9, 0.9, 0.9, 0.9, 0.9, 0.9, 0.9, 0.9, 1.0, 1.0, 1.0, 1.0, 1.0, 1.0, 1.0, 1.0, 1.0, 1.0, 1.0]","[0.125, 0.025, 0.15, 0.1, 0.07500000000000001, 0.07500000000000001, 0.1, 0.17500000000000002, 0.15, 0.275, 0.22500000000000003, 0.19999999999999998, 0.325, 0.25000000000000006, 0.125, 0.22499999999999998, 0.275, 0.225, 0.22499999999999998, 0.35, 0.15000000000000002, 0.30000000000000004, 0.25, 0.35000000000000003, 0.25, 0.275, 0.22499999999999998, 0.25, 0.24999999999999997, 0.35, 0.25, 0.275, 0.4, 0.4, 0.35, 0.45, 0.275, 0.44999999999999996, 0.375, 0.3, 0.375, 0.275, 0.4, 0.30000000000000004, 0.4, 0.375, 0.375, 0.35, 0.37500000000000006, 0.3, 0.35000000000000003, 0.475, 0.425, 0.4, 0.4, 0.45, 0.44999999999999996, 0.475, 0.44999999999999996, 0.425, 0.375, 0.42500000000000004, 0.5249999999999999, 0.375, 0.5, 0.4, 0.55, 0.475, 0.5, 0.4, 0.525, 0.5, 0.525, 0.525, 0.47500000000000003]","[0.25333911401403325, 0.16703522315537492, 0.12281943859527891, 0.10419733744765067, 0.09590026516535943, 0.09139099883524471, 0.0883028074610877, 0.0855201698876424, 0.08328930364963952, 0.08080487120370342, 0.07870476296935787, 0.07628726745564554, 0.07402957184162474, 0.0719196527593522, 0.07008613243250242, 0.06794362765226875, 0.0659769376017325, 0.06432108697680829, 0.06241662894909506, 0.059941253980593995, 0.058215692509044084, 0.05679510898272789, 0.05538476468216726, 0.05410918235879739, 0.05296935052300673, 0.05192393068778998, 0.05093302416750051, 0.050187436524957815, 0.049403822188569355, 0.048519327592360134, 0.04773124337915614, 0.04672565978149925, 0.045559772861144786, 0.04468195698927067, 0.042774614213806635, 0.04135192917680314, 0.03965137789352749, 0.038243748294390284, 0.0372486866806341, 0.03626155254596328, 0.035465079152150934, 0.03467084741317906, 0.03406398368501053, 0.033458553919458935, 0.03297544009929469, 0.032044213775555115, 0.03136650772018667, 0.030724262440136162, 0.03007771816518197, 0.029412553632752175, 0.02911884762616139, 0.028151241303015842, 0.02769221058120806, 0.026617327578467243, 0.025250649627432863, 0.024304214905266727, 0.02248742010605108, 0.021395743749931806, 0.020415211885646732, 0.019282764488908057, 0.018413300288612516, 0.01750235255713569, 0.016888226715918143, 0.016025666925047234, 0.014033247101277537, 0.011872502526147464, 0.00996910883474215, 0.008295398695066462, 0.007547219118834076, 0.006673597063225829, 0.006112994469081004, 0.005773528944256407, 0.00543590805120863, 0.005173893137582626, 0.004994328930264276]"
0.2258141040802002,"[35, 150, 10]",1.25,0.001,0.8,0.005,adam_and_hidden_layer,63,"[0.2, 0.2, 0.2, 0.4, 0.5, 0.5, 0.5, 0.6, 0.6, 0.6, 0.6, 0.6, 0.6, 0.6, 0.7, 0.7, 0.8, 0.8, 0.8, 0.9, 0.9, 0.9, 0.9, 0.9, 0.9, 0.9, 0.9, 0.9, 0.9, 0.9, 0.9, 0.9, 1.0, 1.0, 1.0, 1.0, 1.0, 1.0, 1.0, 1.0, 1.0, 1.0, 1.0, 1.0, 1.0, 1.0, 1.0, 1.0, 1.0, 1.0, 1.0, 1.0, 1.0, 1.0, 1.0, 1.0, 1.0, 1.0, 1.0, 1.0, 1.0, 1.0, 1.0]","[0.07500000000000001, 0.125, 0.2, 0.15000000000000002, 0.07500000000000001, 0.1, 0.175, 0.15000000000000002, 0.22500000000000003, 0.22499999999999998, 0.22499999999999998, 0.25, 0.22499999999999998, 0.19999999999999998, 0.35000000000000003, 0.325, 0.275, 0.42500000000000004, 0.425, 0.375, 0.45, 0.32500000000000007, 0.375, 0.47500000000000003, 0.375, 0.44999999999999996, 0.425, 0.4, 0.45, 0.39999999999999997, 0.5249999999999999, 0.4, 0.5249999999999999, 0.45, 0.47500000000000003, 0.39999999999999997, 0.475, 0.375, 0.475, 0.425, 0.6000000000000001, 0.475, 0.5750000000000001, 0.475, 0.5, 0.5, 0.35, 0.37500000000000006, 0.7, 0.4, 0.525, 0.55, 0.525, 0.7, 0.5, 0.525, 0.44999999999999996, 0.525, 0.55, 0.6749999999999999, 0.475, 0.6000000000000001, 0.5249999999999999]","[0.27699508573453535, 0.18240096547161475, 0.12006337590872619, 0.09059893721696734, 0.08156730516411376, 0.07707114370514699, 0.07292188911200444, 0.06888567007045827, 0.06477673511284109, 0.060413275810170794, 0.05680940110117435, 0.05402561285323339, 0.0512322778008026, 0.048506354760371365, 0.04524859025141843, 0.04264004602190572, 0.04028591131481697, 0.03806837044882381, 0.03602282170493188, 0.03421452470073798, 0.03237228383396427, 0.030725667035096046, 0.0294112108516827, 0.028063536894811367, 0.02661653537195798, 0.02545326826675674, 0.02444981646617547, 0.023137732947925607, 0.022232784206653068, 0.02100306159554505, 0.02037425016702743, 0.019143059889567958, 0.018372391772771203, 0.017251222322404603, 0.01640339066554676, 0.015489072592300417, 0.014593621110660957, 0.013839340111149852, 0.013044231963649571, 0.012372526744163101, 0.012097483865963184, 0.011180114763920685, 0.010650145473283159, 0.010167988466392788, 0.009774503923788752, 0.009297009159802692, 0.008931174738908488, 0.00856392479405401, 0.008141525010197404, 0.007812218604340503, 0.007492919757392646, 0.007212698236642622, 0.00696108521368346, 0.006686666471784358, 0.006431141534947306, 0.006207624033072085, 0.005978858668291841, 0.005762115072481825, 0.005561659096311605, 0.005359284809652305, 0.005212077530720113, 0.005024516156411007, 0.004990525449067567]"
0.32830309867858887,"[35, 150, 10]",1.25,0.001,0.8,0.005,adam_and_hidden_layer,88,"[0.1, 0.0, 0.1, 0.1, 0.2, 0.3, 0.3, 0.3, 0.3, 0.3, 0.4, 0.4, 0.4, 0.5, 0.6, 0.6, 0.6, 0.6, 0.6, 0.6, 0.6, 0.6, 0.6, 0.6, 0.7, 0.7, 0.8, 0.8, 0.8, 0.8, 0.8, 0.8, 0.8, 0.8, 0.8, 0.8, 0.9, 0.9, 0.9, 0.9, 0.9, 0.9, 0.9, 0.9, 0.9, 0.9, 0.9, 0.9, 0.9, 0.9, 0.9, 0.9, 0.9, 0.9, 0.9, 0.9, 0.9, 0.9, 0.9, 0.9, 0.9, 0.9, 0.9, 0.9, 0.9, 0.9, 0.9, 0.9, 0.9, 0.9, 0.9, 0.9, 0.9, 0.9, 0.9, 0.9, 0.9, 0.9, 0.9, 1.0, 1.0, 1.0, 1.0, 1.0, 1.0, 1.0, 1.0, 1.0]","[0.025, 0.125, 0.1, 0.125, 0.125, 0.175, 0.2, 0.15, 0.25, 0.2, 0.175, 0.2, 0.15, 0.1, 0.17500000000000002, 0.22499999999999998, 0.325, 0.15, 0.32500000000000007, 0.3, 0.25, 0.32499999999999996, 0.42500000000000004, 0.2, 0.175, 0.44999999999999996, 0.35, 0.25, 0.275, 0.325, 0.30000000000000004, 0.35000000000000003, 0.39999999999999997, 0.375, 0.425, 0.4, 0.35, 0.325, 0.325, 0.375, 0.325, 0.3, 0.375, 0.375, 0.45, 0.425, 0.5, 0.375, 0.5499999999999999, 0.45, 0.42499999999999993, 0.4, 0.5, 0.375, 0.3, 0.45, 0.44999999999999996, 0.4, 0.44999999999999996, 0.375, 0.5499999999999999, 0.55, 0.35, 0.45, 0.575, 0.475, 0.475, 0.49999999999999994, 0.4, 0.525, 0.425, 0.425, 0.5, 0.525, 0.475, 0.575, 0.45, 0.5, 0.42500000000000004, 0.45000000000000007, 0.35, 0.35000000000000003, 0.55, 0.5249999999999999, 0.475, 0.35000000000000003, 0.5, 0.37500000000000006]","[0.1872334099023887, 0.1319482358473583, 0.1077262322148171, 0.09967584478601862, 0.09430174514808484, 0.09097342341950997, 0.08752348282679089, 0.08516315765036239, 0.08233047191047423, 0.07979106766290239, 0.0769485384812849, 0.07416052125625612, 0.07069226183970624, 0.06662917664203725, 0.06305659570696533, 0.05865269607280129, 0.05529635752532564, 0.05276809487006742, 0.0501274010995404, 0.04858974748012763, 0.04712380201591189, 0.04586440031172697, 0.0446864105193113, 0.04329958989463887, 0.04154874542774203, 0.04035126199585181, 0.038650229511551594, 0.03608539530061228, 0.03406318698812293, 0.03256879327269983, 0.030773101182224444, 0.028925774975633766, 0.027609997724134954, 0.026462268994832294, 0.025458049040482274, 0.02429567815012557, 0.023268794329525902, 0.022438407430536787, 0.021468942693195433, 0.020675507201085033, 0.019874929626845665, 0.019178390520856015, 0.01841676398251048, 0.017790952885372184, 0.017221885886599456, 0.016691727953277946, 0.016249566423208083, 0.015930519027885157, 0.015478490587783595, 0.015147519378355836, 0.014880427846062756, 0.014583873891065519, 0.014316106781244023, 0.014078696382871413, 0.01389013309651686, 0.013679175236695491, 0.013505435505837509, 0.01334950783814687, 0.013189831188193446, 0.013029448546154123, 0.012887358046355437, 0.012755177701346574, 0.0126456129381039, 0.01252019389207228, 0.012416993091360191, 0.012312184979010952, 0.012219129472164114, 0.012117641635657974, 0.011998120722513996, 0.011901823553982626, 0.011791911818884534, 0.01169982746965188, 0.011625412136394007, 0.011496470653728419, 0.011331183071689217, 0.011139219063589638, 0.010925916673744101, 0.010688751007259427, 0.010357595004070953, 0.009744692345813377, 0.009189722245137156, 0.00807383553889508, 0.008027665128660731, 0.006610935969628929, 0.006044714705230956, 0.005362398383917881, 0.0053566516859171, 0.004963763721797206]"
0.6908409595489502,"[35, 150, 10]",1.25,0.001,0.8,0.005,adam_and_hidden_layer,146,"[0.1, 0.1, 0.0, 0.1, 0.1, 0.1, 0.2, 0.2, 0.3, 0.4, 0.3, 0.4, 0.4, 0.5, 0.6, 0.7, 0.7, 0.7, 0.7, 0.7, 0.7, 0.7, 0.7, 0.7, 0.7, 0.7, 0.7, 0.8, 0.8, 0.8, 0.8, 0.8, 0.8, 0.8, 0.8, 0.8, 0.8, 0.9, 0.9, 0.9, 0.9, 0.9, 0.9, 0.9, 0.9, 0.9, 0.9, 0.9, 0.9, 0.9, 0.9, 0.9, 0.9, 0.9, 0.9, 0.9, 0.9, 0.9, 0.9, 0.9, 0.9, 0.9, 0.9, 0.9, 0.9, 0.9, 0.9, 0.9, 0.9, 0.9, 0.9, 0.9, 0.9, 0.9, 0.9, 0.9, 0.9, 0.9, 0.9, 0.9, 0.9, 0.9, 0.9, 0.9, 0.9, 0.9, 0.9, 0.9, 0.9, 0.9, 0.9, 0.9, 0.9, 0.9, 0.9, 0.9, 0.9, 0.9, 0.9, 0.9, 0.9, 0.9, 0.9, 0.9, 0.9, 0.9, 0.9, 0.9, 0.9, 0.9, 0.9, 0.9, 0.9, 0.9, 0.9, 0.9, 0.9, 0.9, 0.9, 0.9, 0.9, 0.9, 0.9, 0.9, 0.9, 0.9, 0.9, 0.9, 0.9, 0.9, 0.9, 0.9, 0.9, 0.9, 0.9, 0.9, 0.9, 0.9, 0.9, 0.9, 0.9, 1.0, 1.0, 1.0, 1.0, 1.0]","[0.07500000000000001, 0.1, 0.07500000000000001, 0.15000000000000002, 0.2, 0.125, 0.125, 0.07500000000000001, 0.2, 0.22499999999999998, 0.17500000000000002, 0.2, 0.15000000000000002, 0.19999999999999998, 0.1, 0.175, 0.25, 0.22500000000000003, 0.35, 0.325, 0.30000000000000004, 0.35, 0.2, 0.37500000000000006, 0.35, 0.325, 0.24999999999999997, 0.4, 0.4, 0.35, 0.35000000000000003, 0.35, 0.325, 0.27499999999999997, 0.4, 0.5, 0.35000000000000003, 0.475, 0.375, 0.30000000000000004, 0.475, 0.35, 0.4, 0.375, 0.4, 0.32499999999999996, 0.55, 0.375, 0.525, 0.325, 0.5, 0.575, 0.6, 0.525, 0.5, 0.5, 0.575, 0.4, 0.55, 0.4, 0.525, 0.42500000000000004, 0.425, 0.35000000000000003, 0.4, 0.45000000000000007, 0.44999999999999996, 0.4, 0.5, 0.42500000000000004, 0.45000000000000007, 0.475, 0.525, 0.525, 0.625, 0.45, 0.525, 0.5, 0.42500000000000004, 0.5750000000000001, 0.575, 0.47500000000000003, 0.4, 0.5, 0.42500000000000004, 0.45000000000000007, 0.575, 0.5249999999999999, 0.5249999999999999, 0.5, 0.475, 0.5, 0.45, 0.575, 0.44999999999999996, 0.425, 0.525, 0.42500000000000004, 0.5, 0.42500000000000004, 0.5, 0.45, 0.475, 0.475, 0.525, 0.49999999999999994, 0.5, 0.475, 0.55, 0.37500000000000006, 0.6000000000000001, 0.55, 0.45, 0.5, 0.525, 0.525, 0.5249999999999999, 0.6, 0.475, 0.44999999999999996, 0.65, 0.5249999999999999, 0.475, 0.6, 0.55, 0.5, 0.55, 0.35, 0.5249999999999999, 0.5, 0.375, 0.5249999999999999, 0.5, 0.575, 0.5, 0.55, 0.5249999999999999, 0.5, 0.55, 0.5, 0.55, 0.55, 0.39999999999999997, 0.525, 0.35000000000000003, 0.32499999999999996]","[0.30868458515276004, 0.22828572896317045, 0.14713769637484764, 0.10675599029113396, 0.09553683008248334, 0.09076346683040466, 0.08711367633817003, 0.08421299749403902, 0.08159193449461671, 0.07884473573596894, 0.0759285284284998, 0.07312777515818525, 0.06930830594913567, 0.06580362682802239, 0.061707627337734196, 0.05823914295624836, 0.05503342897647827, 0.051239220790889425, 0.04860725298549975, 0.04595304236777073, 0.04356026003834117, 0.04173485206219051, 0.040257744991442385, 0.03902847084745534, 0.03781283073877209, 0.03655799216051614, 0.03563742500552208, 0.034437175874371, 0.03349720433746057, 0.03251218673892023, 0.03142915892679416, 0.030380393706474818, 0.029608250321716798, 0.02821691114494312, 0.027034274372670728, 0.02630655560333853, 0.025244351633818603, 0.024135984055889573, 0.023504254370490033, 0.02249075978339611, 0.021889096477790623, 0.021257297803814836, 0.020623398215300424, 0.020082630165480227, 0.019591228871408968, 0.019046925317738578, 0.018659569728531243, 0.018393570172415812, 0.017863061109995047, 0.017560559931436043, 0.017196015121213964, 0.016893132021607346, 0.01664685822155987, 0.01636155823276285, 0.016134768944485966, 0.015910562500000665, 0.015812571824263585, 0.015507878293339305, 0.015306384419876574, 0.015120651035507882, 0.014931411295074453, 0.014777717712907885, 0.014598151649096476, 0.0144555892116151, 0.014309966924357279, 0.014188338924472167, 0.014068454051825236, 0.013950762352823437, 0.01381912257008449, 0.01369887668317733, 0.013597031111454813, 0.013495052119824784, 0.01341051076581772, 0.01330047920680681, 0.01321046958255814, 0.013135243296694568, 0.013064147651632756, 0.012971480440334188, 0.01288258936549792, 0.01283212595257879, 0.01274054413268874, 0.01268103847014771, 0.012613656534545556, 0.012550886802921084, 0.012488853024219674, 0.012430989945991837, 0.012365498892584316, 0.01230898261595409, 0.012253783236376053, 0.01219909965782097, 0.012154951063708392, 0.012115933443874396, 0.012068214060365377, 0.012014268188700656, 0.011973702947323384, 0.011929098967037493, 0.011884900883071597, 0.011844052255971365, 0.011812383178671252, 0.011767708995253052, 0.011732602439357732, 0.01169956522029991, 0.01166937503160099, 0.011633559072348903, 0.011593662960167301, 0.011561931498127818, 0.011532136318338961, 0.011505804877211773, 0.01147257779811715, 0.011446671749354067, 0.011421742118342215, 0.011394409009751532, 0.011365395803147382, 0.011341520436614792, 0.011313432619341528, 0.011295872403198418, 0.01126533516757579, 0.011242147148907658, 0.011217341511572176, 0.011196296484541486, 0.011171706706874252, 0.011152911322847651, 0.011130731773112246, 0.01110824901033165, 0.011087584225009318, 0.011065432984507392, 0.01104535420047797, 0.011026172506724963, 0.011007670321329117, 0.010984138546944616, 0.01096125482200853, 0.010938287546508763, 0.010915469479955798, 0.010887770776642196, 0.010861279805941341, 0.010838545661493514, 0.010794727230553507, 0.010766145670452715, 0.010697088723514428, 0.010608686588471982, 0.010531856070850476, 0.010240145490699605, 0.00965963366179731, 0.00933598584314872, 0.006218887749936116, 0.004921856122444495]"
0.7211551666259766,"[35, 150, 10]",1.25,0.001,0.8,0.005,adam_and_hidden_layer,199,"[0.1, 0.1, 0.1, 0.1, 0.1, 0.1, 0.2, 0.2, 0.2, 0.2, 0.3, 0.2, 0.3, 0.4, 0.3, 0.4, 0.4, 0.4, 0.4, 0.5, 0.5, 0.5, 0.5, 0.6, 0.6, 0.7, 0.7, 0.8, 0.8, 0.8, 0.8, 0.8, 0.8, 0.8, 0.8, 0.8, 0.8, 0.9, 0.9, 0.9, 0.9, 0.9, 0.9, 0.9, 0.9, 0.9, 0.9, 0.9, 0.9, 0.9, 0.9, 0.9, 0.9, 0.9, 0.9, 0.9, 0.9, 0.9, 0.9, 0.9, 0.9, 0.9, 0.9, 0.9, 0.9, 0.9, 0.9, 0.9, 0.9, 0.9, 0.9, 0.9, 0.9, 0.9, 0.9, 0.9, 0.9, 0.9, 0.9, 0.9, 0.9, 0.9, 0.9, 0.9, 0.9, 0.9, 0.9, 0.9, 0.9, 0.9, 0.9, 0.9, 0.9, 0.9, 0.9, 0.9, 0.9, 0.9, 0.9, 0.9, 0.9, 0.9, 0.9, 0.9, 0.9, 0.9, 0.9, 0.9, 0.9, 0.9, 0.9, 0.9, 0.9, 0.9, 0.9, 0.9, 0.9, 0.9, 0.9, 0.9, 0.9, 0.9, 0.9, 0.9, 0.9, 0.9, 0.9, 0.9, 0.9, 0.9, 0.9, 0.9, 0.9, 0.9, 0.9, 0.9, 0.9, 0.9, 0.9, 0.9, 0.9, 0.9, 0.9, 0.9, 0.9, 0.9, 0.9, 0.9, 0.9, 0.9, 0.9, 0.9, 0.9, 0.9, 0.9, 0.9, 0.9, 0.9, 0.9, 0.9, 0.9, 0.9, 0.9, 0.9, 0.9, 0.9, 0.9, 0.9, 0.9, 0.9, 0.9, 0.9, 0.9, 0.9, 0.9, 0.9, 0.9, 0.9, 0.9, 0.9, 0.9, 0.9, 0.9, 0.9, 0.9, 0.9, 0.9, 0.9, 0.9, 0.9, 0.9, 0.9, 0.9, 0.9, 0.9, 1.0, 1.0, 1.0, 1.0]","[0.1, 0.1, 0.1, 0.1, 0.125, 0.125, 0.125, 0.125, 0.22500000000000003, 0.17500000000000002, 0.22499999999999998, 0.1, 0.19999999999999998, 0.15, 0.2, 0.22499999999999998, 0.175, 0.175, 0.125, 0.125, 0.2, 0.27499999999999997, 0.22499999999999998, 0.22499999999999998, 0.325, 0.3, 0.32499999999999996, 0.3, 0.275, 0.30000000000000004, 0.275, 0.275, 0.45, 0.45, 0.47500000000000003, 0.525, 0.375, 0.4, 0.27499999999999997, 0.4, 0.35000000000000003, 0.37500000000000006, 0.275, 0.475, 0.42500000000000004, 0.475, 0.32499999999999996, 0.475, 0.3, 0.3, 0.35, 0.375, 0.525, 0.475, 0.525, 0.275, 0.325, 0.5, 0.4, 0.475, 0.475, 0.42499999999999993, 0.475, 0.475, 0.55, 0.375, 0.49999999999999994, 0.42500000000000004, 0.55, 0.44999999999999996, 0.3, 0.5, 0.42500000000000004, 0.44999999999999996, 0.45, 0.42500000000000004, 0.6, 0.475, 0.42500000000000004, 0.575, 0.39999999999999997, 0.42500000000000004, 0.475, 0.425, 0.45, 0.49999999999999994, 0.55, 0.55, 0.575, 0.45000000000000007, 0.375, 0.5, 0.6, 0.425, 0.44999999999999996, 0.475, 0.4, 0.5, 0.5, 0.475, 0.5, 0.475, 0.4, 0.5, 0.39999999999999997, 0.4, 0.525, 0.575, 0.42500000000000004, 0.325, 0.6, 0.575, 0.475, 0.44999999999999996, 0.475, 0.475, 0.525, 0.6, 0.42500000000000004, 0.44999999999999996, 0.5, 0.42500000000000004, 0.475, 0.475, 0.7249999999999999, 0.5, 0.45, 0.425, 0.55, 0.475, 0.44999999999999996, 0.525, 0.47500000000000003, 0.5, 0.35, 0.35000000000000003, 0.42500000000000004, 0.44999999999999996, 0.625, 0.475, 0.5, 0.5, 0.575, 0.5, 0.49999999999999994, 0.6499999999999999, 0.55, 0.55, 0.55, 0.39999999999999997, 0.6000000000000001, 0.475, 0.425, 0.5, 0.5, 0.5, 0.55, 0.575, 0.55, 0.5, 0.675, 0.44999999999999996, 0.475, 0.35000000000000003, 0.575, 0.5, 0.475, 0.475, 0.575, 0.525, 0.5, 0.44999999999999996, 0.475, 0.5, 0.45, 0.475, 0.575, 0.4, 0.55, 0.475, 0.5, 0.625, 0.625, 0.375, 0.6, 0.575, 0.55, 0.55, 0.35000000000000003, 0.6249999999999999, 0.625, 0.575, 0.7, 0.525, 0.625, 0.625, 0.45, 0.55, 0.6]","[0.4031244964345474, 0.3259426661772662, 0.26627860456098446, 0.19844134356731252, 0.11744714418695913, 0.09302571193352507, 0.08975891802322183, 0.08840925767014433, 0.0875483267852848, 0.08641710544474118, 0.08550360422454041, 0.08454825768416564, 0.0834922835518395, 0.08208486818139964, 0.08055380475734114, 0.07873763565113617, 0.07709776156101592, 0.0748579971207636, 0.0724316548387581, 0.07021358163701591, 0.06758155109446917, 0.06556499118463217, 0.06263973648831722, 0.05975810567690745, 0.05741958572410304, 0.054135078972837106, 0.05150191357902505, 0.04857254175734323, 0.04571775551355142, 0.04299794425356193, 0.04038999734355406, 0.03883460263131612, 0.03680775391105227, 0.03516587248379052, 0.03394617419656545, 0.03264682455286239, 0.031385138336929755, 0.030276216904920467, 0.029004607481491532, 0.026740734078092326, 0.02525040501287412, 0.023682711502448626, 0.02207293704096137, 0.020908680907213106, 0.020076015109173048, 0.019209288601576332, 0.018695789470033343, 0.01818642726636908, 0.017803098239261517, 0.017439711884088875, 0.01715586590557934, 0.01686119751978251, 0.0165428120368884, 0.016329286869366102, 0.016072552281256893, 0.015852318931799527, 0.015653089928421758, 0.015461941384758064, 0.015285949664761227, 0.015091631508133231, 0.01492469606733026, 0.014785433390339147, 0.014601952601712884, 0.014464466178761763, 0.014332563000369461, 0.014197735948659938, 0.01407488215829649, 0.013970505867150262, 0.013856128496898448, 0.013742638146833653, 0.013646872091439539, 0.013547508548030497, 0.013463166442922033, 0.01336235535640642, 0.01328227325722513, 0.013196075689117242, 0.013110206266983988, 0.013030458817558018, 0.012964494534160109, 0.012895849602071113, 0.01282394906804918, 0.012746108497347945, 0.012690080089919002, 0.012631480595374396, 0.012565679700044838, 0.012509916254810087, 0.012468794377202433, 0.012394866385989791, 0.012341106322366006, 0.012296948825742438, 0.012241262193686979, 0.012200378446653788, 0.012153697546348667, 0.012103669133047229, 0.012062779479923251, 0.012028428841213683, 0.011977895214210834, 0.011939476313014756, 0.011904233435416765, 0.01186348598637751, 0.011825290151761035, 0.011789762405638051, 0.011759769869434855, 0.011723141307523105, 0.011690495531880207, 0.011662681526100203, 0.011629982592410926, 0.011601371353985576, 0.0115718248672865, 0.011543473109766495, 0.011519716994554912, 0.011491509044095101, 0.011463625045475698, 0.011440133349569524, 0.011414698997396135, 0.011388434196085715, 0.0113651436716766, 0.011343244841426268, 0.011318976932961952, 0.011294721054598156, 0.011274215617785658, 0.011253669224509882, 0.011233299154750118, 0.011212265536780031, 0.011193906277788344, 0.011173378160673857, 0.0111546222110136, 0.01114037614310615, 0.011120427173930959, 0.01110360479955131, 0.011086312626138599, 0.01107020596740023, 0.011052146743818096, 0.01103698620590053, 0.011020158816102419, 0.011009019182217541, 0.010990070238827906, 0.010975403536852764, 0.010962590622082824, 0.010947257512675274, 0.010933494869451627, 0.010921918377185157, 0.010907101838929638, 0.010896262815332156, 0.010882081729017036, 0.010868638364137859, 0.010856180962273632, 0.010843323953607232, 0.010831845287911347, 0.010820539851069394, 0.010809038731860647, 0.010797793502776334, 0.01078839677837641, 0.010776924344667734, 0.010766283218938981, 0.010755025093893263, 0.010745966689643926, 0.010735079753902633, 0.010724703805098823, 0.010715270910778065, 0.01070452285920613, 0.010695399471639161, 0.010685806985844967, 0.010677024727013408, 0.010667080716873736, 0.010658524752258229, 0.010649106154580264, 0.010641110051916236, 0.0106324000578945, 0.010623616646501665, 0.010615274948929056, 0.010606594390507727, 0.01059875633146263, 0.010589434872949744, 0.010581793799450933, 0.010573754778032634, 0.01056552329272543, 0.010557132075000116, 0.010549132140285229, 0.010540283861401076, 0.010532084015689013, 0.01052376152871116, 0.010514276383578412, 0.010505096307699857, 0.01049641802991986, 0.010485115184318971, 0.010474817219477977, 0.01046294246603129, 0.010450732550670631, 0.010434368468964124, 0.010414241013491874, 0.010392012937723023, 0.01036298739121654, 0.010284639645559233, 0.010199352901555318, 0.009978504910224126, 0.009741463739323527, 0.007384118078651339, 0.004851808206101031]"
0.24158811569213867,"[35, 150, 10]",1.25,0.001,0.8,0.005,adam_and_hidden_layer,67,"[0.0, 0.0, 0.0, 0.3, 0.3, 0.3, 0.3, 0.3, 0.3, 0.4, 0.5, 0.5, 0.5, 0.6, 0.6, 0.6, 0.6, 0.6, 0.7, 0.7, 0.7, 0.7, 0.8, 0.8, 0.8, 0.8, 0.8, 0.8, 0.9, 0.9, 0.9, 0.9, 0.9, 0.9, 0.9, 0.9, 0.9, 0.9, 0.9, 0.9, 0.9, 0.9, 0.9, 0.9, 0.9, 0.9, 0.9, 0.9, 0.9, 0.9, 0.9, 0.9, 1.0, 1.0, 1.0, 1.0, 1.0, 1.0, 1.0, 1.0, 1.0, 1.0, 1.0, 1.0, 1.0, 1.0, 1.0]","[0.07500000000000001, 0.05, 0.1, 0.125, 0.225, 0.25000000000000006, 0.2, 0.3, 0.175, 0.275, 0.175, 0.25, 0.125, 0.325, 0.275, 0.3, 0.27499999999999997, 0.3, 0.30000000000000004, 0.22499999999999998, 0.375, 0.375, 0.325, 0.32499999999999996, 0.35, 0.35, 0.42500000000000004, 0.42500000000000004, 0.4, 0.575, 0.475, 0.6, 0.375, 0.4, 0.45000000000000007, 0.4, 0.45, 0.55, 0.4, 0.525, 0.475, 0.375, 0.35000000000000003, 0.47500000000000003, 0.475, 0.5, 0.5249999999999999, 0.6, 0.45, 0.55, 0.475, 0.5, 0.475, 0.5249999999999999, 0.5, 0.5, 0.575, 0.55, 0.5499999999999999, 0.44999999999999996, 0.575, 0.475, 0.55, 0.525, 0.475, 0.525, 0.5499999999999999]","[0.23936215082834125, 0.16022059406600994, 0.11482341253419365, 0.09121385066691776, 0.08299237898529999, 0.07940748534013947, 0.07654752461237976, 0.07437413674401337, 0.07250999836141511, 0.07067555800025438, 0.06842083721340743, 0.06562789429701092, 0.06323268707251817, 0.060167108707603896, 0.056811706330072154, 0.05402421402054611, 0.05158199563405131, 0.04948351341581628, 0.04768263791060389, 0.04589581669437764, 0.04417979316292906, 0.04276214605386739, 0.040370799813949636, 0.038543818105442655, 0.036215648591132854, 0.034706587937571066, 0.0329629531146131, 0.03144788565650803, 0.029501028697692708, 0.02786133002124932, 0.0248294024468532, 0.023426503480532105, 0.021496326531816424, 0.02050240811657379, 0.01963542939698184, 0.019030686966975265, 0.01844285095668653, 0.017918964856973932, 0.01748464632534727, 0.017020821769402214, 0.016662719734644765, 0.016322292679435014, 0.015965938805921145, 0.01556269976492215, 0.015264863450606963, 0.01483497895238244, 0.014486087700244111, 0.014060019423248346, 0.013654363904835216, 0.013046390821438441, 0.012642213051360167, 0.01200034569169951, 0.011284186619050007, 0.010495000334209019, 0.009832522024723699, 0.009333435999992357, 0.008676922490893024, 0.008048677679266352, 0.007515699787978935, 0.006958967962868346, 0.0065270329548971495, 0.00634399374595366, 0.005848195518287898, 0.005536271538102172, 0.005451137608273453, 0.0050278606216712955, 0.004955239225447909]"
0.2592010498046875,"[35, 150, 10]",1.25,0.001,0.8,0.005,adam_and_hidden_layer,72,"[0.2, 0.2, 0.2, 0.2, 0.3, 0.3, 0.5, 0.5, 0.6, 0.7, 0.7, 0.7, 0.8, 0.8, 0.8, 0.8, 0.8, 0.8, 0.8, 0.9, 0.9, 0.9, 0.9, 0.9, 0.9, 0.9, 0.9, 0.9, 0.9, 0.9, 0.9, 0.9, 0.9, 0.9, 0.9, 0.9, 0.9, 0.9, 0.9, 0.9, 0.9, 0.9, 0.9, 0.9, 0.9, 0.9, 0.9, 0.9, 0.9, 0.9, 1.0, 1.0, 1.0, 1.0, 1.0, 1.0, 1.0, 1.0, 1.0, 1.0, 1.0, 1.0, 1.0, 1.0, 1.0, 1.0, 1.0, 1.0, 1.0, 1.0, 1.0, 1.0]","[0.15, 0.125, 0.15, 0.125, 0.125, 0.15000000000000002, 0.27499999999999997, 0.225, 0.22499999999999998, 0.175, 0.275, 0.35, 0.325, 0.22500000000000003, 0.275, 0.32500000000000007, 0.27499999999999997, 0.4, 0.30000000000000004, 0.4, 0.27499999999999997, 0.42500000000000004, 0.27499999999999997, 0.55, 0.35000000000000003, 0.35000000000000003, 0.4, 0.475, 0.325, 0.475, 0.55, 0.4, 0.4, 0.42500000000000004, 0.44999999999999996, 0.325, 0.525, 0.4, 0.475, 0.55, 0.5, 0.525, 0.5, 0.42500000000000004, 0.37500000000000006, 0.35000000000000003, 0.55, 0.5249999999999999, 0.475, 0.5, 0.5, 0.45, 0.47500000000000003, 0.42500000000000004, 0.55, 0.4, 0.475, 0.475, 0.5, 0.475, 0.42500000000000004, 0.4, 0.475, 0.55, 0.55, 0.575, 0.5, 0.575, 0.525, 0.475, 0.44999999999999996, 0.6]","[0.3661256992626471, 0.2775917381727055, 0.22188487031544432, 0.1710292900011946, 0.1255710639474543, 0.08909349619187493, 0.06969522161249506, 0.06592722573591871, 0.06347219851108553, 0.06059490091813151, 0.05775279526202608, 0.05480868016905326, 0.05190810889479466, 0.04931015231089297, 0.04675544000772242, 0.04430511520072506, 0.04219879946294794, 0.03991606141586949, 0.03776119188055351, 0.035308756840704926, 0.03309885836729081, 0.03070511177896698, 0.02872346400184892, 0.026896835312449713, 0.025490894917657648, 0.02440854469844338, 0.02331948937836699, 0.022268821448055056, 0.021503556503979643, 0.02078531728936874, 0.020172536818484976, 0.0195783001716921, 0.01907847321564571, 0.018636116392709737, 0.018184667201291305, 0.017719526849942196, 0.017316757083294384, 0.016946366628642004, 0.016571184774622584, 0.01621885841296927, 0.01589685176623347, 0.015585549740034801, 0.015300496723479138, 0.015022034962689841, 0.01475575531075607, 0.014347072110691758, 0.01410445937225433, 0.013763504504747443, 0.013310709960665306, 0.012948659439291956, 0.012479938662035056, 0.01210104435029874, 0.011765599576241013, 0.01114285731252234, 0.010603467893028785, 0.010122781418800677, 0.009535522227340063, 0.009093501020278496, 0.008577683222039039, 0.008254055287656823, 0.00774952034216873, 0.007504503436608311, 0.00706497453674534, 0.006847387471285679, 0.006454868667741864, 0.006181027778403058, 0.00590604193536702, 0.005648474147768725, 0.005406139941291445, 0.0052238174507344606, 0.0050483340310951905, 0.004983923002357828]"
0.2250227928161621,"[35, 150, 10]",1.25,0.001,0.8,0.005,adam_and_hidden_layer,62,"[0.1, 0.1, 0.1, 0.2, 0.3, 0.5, 0.7, 0.7, 0.7, 0.7, 0.7, 0.7, 0.7, 0.7, 0.7, 0.7, 0.7, 0.7, 0.7, 0.7, 0.7, 0.7, 0.7, 0.8, 0.9, 0.8, 0.9, 0.9, 0.9, 1.0, 1.0, 0.9, 0.9, 1.0, 1.0, 1.0, 1.0, 1.0, 1.0, 1.0, 1.0, 1.0, 1.0, 1.0, 1.0, 1.0, 1.0, 1.0, 1.0, 1.0, 1.0, 1.0, 1.0, 1.0, 1.0, 1.0, 1.0, 1.0, 1.0, 1.0, 1.0, 1.0]","[0.125, 0.125, 0.125, 0.125, 0.25, 0.15, 0.25, 0.22499999999999998, 0.30000000000000004, 0.125, 0.2, 0.27499999999999997, 0.2, 0.275, 0.225, 0.225, 0.35, 0.35000000000000003, 0.30000000000000004, 0.30000000000000004, 0.375, 0.325, 0.425, 0.325, 0.25, 0.275, 0.35000000000000003, 0.4, 0.325, 0.35, 0.30000000000000004, 0.39999999999999997, 0.425, 0.2, 0.5, 0.4, 0.44999999999999996, 0.5, 0.45000000000000007, 0.35000000000000003, 0.42500000000000004, 0.375, 0.35, 0.375, 0.35, 0.42500000000000004, 0.37499999999999994, 0.42499999999999993, 0.44999999999999996, 0.425, 0.45, 0.4, 0.525, 0.55, 0.47500000000000003, 0.45000000000000007, 0.55, 0.44999999999999996, 0.475, 0.525, 0.45000000000000007, 0.525]","[0.2519521428165832, 0.1856925206580785, 0.14508738082890782, 0.10330244998323575, 0.08278334877342453, 0.07832030015282193, 0.07505724269325494, 0.07118602566975285, 0.06690071293681367, 0.06329021327256484, 0.05899740761702937, 0.05518658762359576, 0.05219935257008589, 0.04951257276083391, 0.04696095538394088, 0.04485791731968222, 0.043163679374043265, 0.041476644948816664, 0.04018140370959571, 0.03884133588921116, 0.03747330540136568, 0.036246863107275845, 0.03500450117444167, 0.0331024214347406, 0.031070542698993973, 0.028358377890615984, 0.02668191236676982, 0.024256160330432177, 0.022207748640489345, 0.020854825346175845, 0.01921418739387141, 0.018283948668227485, 0.01734378245085749, 0.016145486272662143, 0.015086883886798415, 0.014297434124962325, 0.013542740246836361, 0.012769303590006043, 0.01241097570273292, 0.011504217728102227, 0.011276024794365869, 0.01046132726290999, 0.009967166228982178, 0.00950890301361873, 0.00913191178023171, 0.008727046447751316, 0.00849187834916603, 0.007996162700813653, 0.0076698033717480015, 0.007356778763881888, 0.007099793349159356, 0.006884106666688238, 0.006668806094018973, 0.006370594856109364, 0.0061630646910748755, 0.005938006618761129, 0.0057409098930023125, 0.005574061498324697, 0.0053576589881727185, 0.00519607257706356, 0.005046409311976934, 0.004991197146881424]"
0.23361730575561523,"[35, 150, 10]",1.25,0.001,0.8,0.005,adam_and_hidden_layer,65,"[0.1, 0.1, 0.1, 0.2, 0.1, 0.2, 0.3, 0.3, 0.3, 0.4, 0.4, 0.4, 0.5, 0.5, 0.6, 0.6, 0.6, 0.6, 0.6, 0.6, 0.6, 0.6, 0.7, 0.7, 0.7, 0.7, 0.8, 0.8, 0.8, 0.8, 0.8, 0.8, 0.9, 0.9, 0.9, 0.9, 0.9, 0.9, 0.9, 0.9, 1.0, 1.0, 1.0, 1.0, 1.0, 1.0, 1.0, 1.0, 1.0, 1.0, 1.0, 1.0, 1.0, 1.0, 1.0, 1.0, 1.0, 1.0, 1.0, 1.0, 1.0, 1.0, 1.0, 1.0, 1.0]","[0.125, 0.125, 0.1, 0.07500000000000001, 0.07500000000000001, 0.15000000000000002, 0.175, 0.175, 0.175, 0.275, 0.30000000000000004, 0.27499999999999997, 0.325, 0.275, 0.17500000000000002, 0.25, 0.32499999999999996, 0.175, 0.375, 0.22499999999999998, 0.4, 0.25, 0.32499999999999996, 0.3, 0.42500000000000004, 0.44999999999999996, 0.37500000000000006, 0.42500000000000004, 0.39999999999999997, 0.4, 0.375, 0.4, 0.42499999999999993, 0.325, 0.3, 0.525, 0.4, 0.475, 0.4, 0.375, 0.44999999999999996, 0.425, 0.27499999999999997, 0.35000000000000003, 0.5499999999999999, 0.44999999999999996, 0.45, 0.5, 0.37500000000000006, 0.6000000000000001, 0.5, 0.5249999999999999, 0.675, 0.475, 0.6, 0.575, 0.55, 0.45, 0.5750000000000001, 0.45, 0.5, 0.6, 0.5499999999999999, 0.42500000000000004, 0.475]","[0.23874172115955555, 0.17065786107189587, 0.13101599976034176, 0.10310238231148755, 0.09119506693659105, 0.0842593569369268, 0.07952321818452905, 0.07560624013006376, 0.07306971252811306, 0.07071459984516296, 0.06865021334360828, 0.06665511365512064, 0.06415211929263634, 0.061833639018158276, 0.059737805760068464, 0.056907916958465844, 0.05450619529310341, 0.052323939114740765, 0.05051533977962981, 0.04900220112005759, 0.047270197755035846, 0.0457960321379284, 0.044473049765751366, 0.04323390079425737, 0.04146910473052056, 0.039986220063006, 0.03807732588286045, 0.03596751777748654, 0.033909581959598124, 0.031175094280209256, 0.029122201675756805, 0.027346624235959526, 0.02570865016568166, 0.02444610477172634, 0.023233511703787336, 0.022251499455012494, 0.021178419833242722, 0.020235076190821367, 0.019018022540977092, 0.017975011405699327, 0.017037008906808225, 0.015575730622409243, 0.014650304608734808, 0.013557143089825769, 0.01274143245649541, 0.012293205333316326, 0.0111414997050666, 0.010776080301364423, 0.009911822202917829, 0.009297373857668116, 0.008926513545843845, 0.008444959665512602, 0.007979594156872655, 0.00767983407626034, 0.007293876742745383, 0.0069035774026980044, 0.0066528450980560105, 0.006379365409659254, 0.006153019223379956, 0.00586003578916361, 0.005626991374097865, 0.005416706072331344, 0.005214011869441763, 0.005063846146813234, 0.004992536393583419]"
